DROP TABLE TBL_SCORE_202210;
DROP TABLE TBL_STUDENT_202210;
DROP TABLE TBL_SUBJECT_202210;

CREATE TABLE TBL_STUDENT_202210 (
	STUID CHAR(8) NOT NULL PRIMARY KEY,
	SNAME VARCHAR2(20),
	DEPT_NAME VARCHAR2(20),
	JUMIN CHAR(13),
	PHONE CHAR(13),
	EMAIL CHAR(30)
);

INSERT INTO TBL_STUDENT_202210 VALUES ('20220011', '김한국', '사회복지과', '0301013111111', '010-1111-1111', 'hankuk@naver.com');
INSERT INTO TBL_STUDENT_202210 VALUES ('20220012', '홍길동', '관광과', '0202013222222', '010-2222-2222', 'hongkil@naver.com');
INSERT INTO TBL_STUDENT_202210 VALUES ('20220013', '김미자', '패션디자인과', '0203014333333', '010-3333-3333', 'kimja@naver.com');
INSERT INTO TBL_STUDENT_202210 VALUES ('20220014', '윤한열', '물리치료과', '0204014444444', '010-4444-4444', 'yoon@naver.com');
INSERT INTO TBL_STUDENT_202210 VALUES ('20220015', '김성진', '모던음악과', '0205013555555', '010-5555-5555', 'kimsj@naver.com');
INSERT INTO TBL_STUDENT_202210 VALUES ('20220016', '조민지', '건축과', '0206014666666', '010-6666-6666', 'jmg@naver.com');

SELECT * FROM TBL_STUDENT_202210;

CREATE TABLE TBL_SCORE_202210 (
	SID CHAR(8) NOT NULL PRIMARY KEY,
	SUBCODE CHAR(4),
	MIDSCORE NUMBER,
	FINALSCORE NUMBER,
	ATTEND NUMBER,
	REPORT NUMBER,
	ETC NUMBER
);

INSERT INTO TBL_SCORE_202210 VALUES ('20220011', 'A001', 80, 90, 100, 100, 100);
INSERT INTO TBL_SCORE_202210 VALUES ('20220012', 'A001', 85, 90, 90, 90, 80);
INSERT INTO TBL_SCORE_202210 VALUES ('20220013', 'A001', 75, 90, 80, 77, 80);
INSERT INTO TBL_SCORE_202210 VALUES ('20220014', 'A001', 90, 90, 100, 100, 70);
INSERT INTO TBL_SCORE_202210 VALUES ('20220015', 'A002', 70, 70, 80, 80, 90);
INSERT INTO TBL_SCORE_202210 VALUES ('20220016', 'A002', 96, 95, 100, 100, 90);

SELECT * FROM TBL_SCORE_202210;

CREATE TABLE TBL_SUBJECT_202210 (
	SUBCODE CHAR(4) NOT NULL PRIMARY KEY,
	SUBNAME VARCHAR2(30),
	PRONAME VARCHAR2(20)
);

INSERT INTO TBL_SUBJECT_202210 VALUES ('A001', '자바', '정명석');
INSERT INTO TBL_SUBJECT_202210 VALUES ('A002', 'C언어', '김미숙');
INSERT INTO TBL_SUBJECT_202210 VALUES ('A003', '데이터베이스', '서길동');
INSERT INTO TBL_SUBJECT_202210 VALUES ('A004', '웹프로그래밍', '이건원');
INSERT INTO TBL_SUBJECT_202210 VALUES ('A005', '영어', '박태민');

SELECT * FROM TBL_SUBJECT_202210;


-- 학생현황 조회
SELECT
	STUID,
	SNAME,
	SUBSTR(JUMIN, 1, 6) || '-' || SUBSTR(JUMIN, 7, 7) AS JUMIN,
	DEPT_NAME,
	CASE
		WHEN SUBSTR(JUMIN, 7, 1) = '3' THEN '남자'
		WHEN SUBSTR(JUMIN, 7, 1) = '4' THEN '여자'
		ELSE ''
	END AS GENDER,
	PHONE,
	EMAIL
FROM TBL_STUDENT_202210
ORDER BY STUID;

-- 성적 입력 화면 과목 선택
SELECT
	SUBCODE,
	SUBNAME
FROM TBL_SUBJECT_202210
ORDER BY SUBCODE;

-- 성적 등록
INSERT INTO TBL_SCORE_202210 VALUES (?, ?, ?, ?, ?, ?, ?);

-- 성적현황 조회
SELECT
	ST.STUID,
	ST.SNAME,
	SJ.SUBNAME,
	SJ.SUBCODE,
	SJ.PRONAME,
	SC.MIDSCORE,
	SC.FINALSCORE,
	SC.ATTEND,
	SC.REPORT,
	SC.ETC,
	ROUND((SC.MIDSCORE + SC.FINALSCORE + SC.ATTEND + SC.REPORT + SC.ETC) / 5, 0) AS AVGSCORE,
	ROUND(
		SC.MIDSCORE * 0.3
		+ SC.FINALSCORE * 0.3
		+ SC.ATTEND * 0.2
		+ SC.REPORT * 0.1
		+ SC.ETC * 0.1,
		1
	) AS TOTALSCORE,
	CASE
		WHEN SC.MIDSCORE * 0.3 + SC.FINALSCORE * 0.3 + SC.ATTEND * 0.2 + SC.REPORT * 0.1 + SC.ETC * 0.1 >= 95 THEN 'A+'
		WHEN SC.MIDSCORE * 0.3 + SC.FINALSCORE * 0.3 + SC.ATTEND * 0.2 + SC.REPORT * 0.1 + SC.ETC * 0.1 >= 90 THEN 'A'
		WHEN SC.MIDSCORE * 0.3 + SC.FINALSCORE * 0.3 + SC.ATTEND * 0.2 + SC.REPORT * 0.1 + SC.ETC * 0.1 >= 85 THEN 'B+'
		WHEN SC.MIDSCORE * 0.3 + SC.FINALSCORE * 0.3 + SC.ATTEND * 0.2 + SC.REPORT * 0.1 + SC.ETC * 0.1 >= 80 THEN 'B'
		WHEN SC.MIDSCORE * 0.3 + SC.FINALSCORE * 0.3 + SC.ATTEND * 0.2 + SC.REPORT * 0.1 + SC.ETC * 0.1 >= 75 THEN 'C+'
		WHEN SC.MIDSCORE * 0.3 + SC.FINALSCORE * 0.3 + SC.ATTEND * 0.2 + SC.REPORT * 0.1 + SC.ETC * 0.1 >= 70 THEN 'C'
		WHEN SC.MIDSCORE * 0.3 + SC.FINALSCORE * 0.3 + SC.ATTEND * 0.2 + SC.REPORT * 0.1 + SC.ETC * 0.1 >= 65 THEN 'D+'
		WHEN SC.MIDSCORE * 0.3 + SC.FINALSCORE * 0.3 + SC.ATTEND * 0.2 + SC.REPORT * 0.1 + SC.ETC * 0.1 >= 60 THEN 'D'
		ELSE 'F'
	END AS GRADE
FROM TBL_STUDENT_202210 ST
JOIN TBL_SCORE_202210 SC ON ST.STUID = SC.SID
JOIN TBL_SUBJECT_202210 SJ ON SC.SUBCODE = SJ.SUBCODE
ORDER BY ST.STUID;

-- 과목별 성적 조회

SELECT
	ST.STUID,
	ST.SNAME,
	ST.DEPT_NAME,
	SJ.SUBNAME,
	SC.MIDSCORE,
	SC.FINALSCORE,
	SC.ATTEND,
	SC.REPORT,
	SC.ETC,
	ROUND(
		SC.MIDSCORE * 0.3
		+ SC.FINALSCORE * 0.3
		+ SC.ATTEND * 0.2
		+ SC.REPORT * 0.1
		+ SC.ETC * 0.1,
		1
	) AS TOTALSCORE,
	CASE
		WHEN SC.MIDSCORE * 0.3 + SC.FINALSCORE * 0.3 + SC.ATTEND * 0.2 + SC.REPORT * 0.1 + SC.ETC * 0.1 >= 95 THEN 'A+'
		WHEN SC.MIDSCORE * 0.3 + SC.FINALSCORE * 0.3 + SC.ATTEND * 0.2 + SC.REPORT * 0.1 + SC.ETC * 0.1 >= 90 THEN 'A'
		WHEN SC.MIDSCORE * 0.3 + SC.FINALSCORE * 0.3 + SC.ATTEND * 0.2 + SC.REPORT * 0.1 + SC.ETC * 0.1 >= 85 THEN 'B+'
		WHEN SC.MIDSCORE * 0.3 + SC.FINALSCORE * 0.3 + SC.ATTEND * 0.2 + SC.REPORT * 0.1 + SC.ETC * 0.1 >= 80 THEN 'B'
		WHEN SC.MIDSCORE * 0.3 + SC.FINALSCORE * 0.3 + SC.ATTEND * 0.2 + SC.REPORT * 0.1 + SC.ETC * 0.1 >= 75 THEN 'C+'
		WHEN SC.MIDSCORE * 0.3 + SC.FINALSCORE * 0.3 + SC.ATTEND * 0.2 + SC.REPORT * 0.1 + SC.ETC * 0.1 >= 70 THEN 'C'
		WHEN SC.MIDSCORE * 0.3 + SC.FINALSCORE * 0.3 + SC.ATTEND * 0.2 + SC.REPORT * 0.1 + SC.ETC * 0.1 >= 65 THEN 'D+'
		WHEN SC.MIDSCORE * 0.3 + SC.FINALSCORE * 0.3 + SC.ATTEND * 0.2 + SC.REPORT * 0.1 + SC.ETC * 0.1 >= 60 THEN 'D'
		ELSE 'F'
	END AS GRADE
FROM TBL_STUDENT_202210 ST
JOIN TBL_SCORE_202210 SC ON ST.STUID = SC.SID
JOIN TBL_SUBJECT_202210 SJ ON SC.SUBCODE = SJ.SUBCODE
WHERE SC.SUBCODE = ?
ORDER BY ST.STUID;

-- 삭제
DELETE FROM TBL_SCORE_202210
WHERE SID = '?';

COMMIT

DELETE FROM TBL_SCORE_202210
WHERE SID = '20220014';