CREATE TABLE TBL_BOOK_01(
	B_CODE CHAR(4) NOT NULL PRIMARY KEY,
	B_NAME VARCHAR2(50),
	B_LOCATION CHAR(4),
	B_GET_DATE VARCHAR2(8),
	B_RENT CHAR(1)
);

INSERT INTO TBL_BOOK_01 VALUES('B001', '자바 프로그래밍', 'AB10', '20240101', 'N');
INSERT INTO TBL_BOOK_01 VALUES('B002', 'JSP 웹개발', 'BC10', '20240102', 'N');
INSERT INTO TBL_BOOK_01 VALUES('B003', '오라클 SQL', 'BC20', '20240102', 'N');
INSERT INTO TBL_BOOK_01 VALUES('B004', '자료구조', 'AB20', '20240104', 'N');
INSERT INTO TBL_BOOK_01 VALUES('A001', '분당경영고의역사', 'BD10', '20240101', 'N');
INSERT INTO TBL_BOOK_01 VALUES('A002', '모란역마피아', 'MR10', '20240108', 'N');


CREATE TABLE TBL_MEMBER_01(
    M_NO CHAR(4) NOT NULL PRIMARY KEY,
    M_NAME VARCHAR2(20),
    PHONE VARCHAR2(11),
    ADDRESS VARCHAR2(50),
    BIRTH_DAY VARCHAR2(8)
);

INSERT INTO TBL_MEMBER_01 VALUES('1001', '신지호', '01011112222', '서울시 강남구', '20070215');
INSERT INTO TBL_MEMBER_01 VALUES('1002', '박도서', '01022223333', '서울시 마포구', '20080808');
INSERT INTO TBL_MEMBER_01 VALUES('1003', '최형준', '01033334444', '서울시 강서구', '20081212');
INSERT INTO TBL_MEMBER_01 VALUES('1004', '위서율', '01044445555', '서울시 마포구', '20090120');
INSERT INTO TBL_MEMBER_01 VALUES('1005', '이상혁', '01055556666', '서울시 중구', '20080910');


CREATE TABLE TBL_RENT_01(
    R_NO CHAR(8) NOT NULL PRIMARY KEY,
    M_NO CHAR(4),
    B_CODE CHAR(4),
    RENT_DATE CHAR(8),
    RENT_DAYS NUMBER(3)
);

drop table TBL_RENT_01

INSERT INTO TBL_RENT_01 VALUES('20250001', '1001', 'B001', '20250501', 7);
INSERT INTO TBL_RENT_01 VALUES('20250002', '1001', 'B002', '20250503', 14);
INSERT INTO TBL_RENT_01 VALUES('20250003', '1003', 'B003', '20250504', 5);
INSERT INTO TBL_RENT_01 VALUES('20250004', '1004', 'A001', '20250504', 7);
INSERT INTO TBL_RENT_01 VALUES('20250005', '1004', 'A002', '20250709', 14);

commit

--도서대출
SELECT B_CODE, B_NAME
FROM TBL_BOOK_01
ORDER BY B_CODE ASC;

--전체도서조회
SELECT
    B_CODE,
    B_NAME,
    B_LOCATION,
    SUBSTR(B_GET_DATE, 1, 4) || '년' ||
    SUBSTR(B_GET_DATE, 5, 2) || '월' ||
    SUBSTR(B_GET_DATE, 7, 2) || '일' AS B_GET_DATE,
    CASE
        WHEN B_RENT = 'Y' THEN '대출중'
        ELSE '대출가능'
    END AS B_RENT
FROM TBL_BOOK_01
ORDER BY B_CODE ASC;

-- 도서대출등록
SELECT
    M_NO,
    M_NAME
FROM TBL_MEMBER_01
ORDER BY M_NO ASC;

INSERT INTO TBL_RENT_01 VALUES(? ,? ,? ,? ,?);

UPDATE TBL_BOOK_01 
SET B_RENT = 'Y' 
WHERE B_CODE = ?;

-- 회원별대출조회
SELECT
    R.R_NO,
    R.M_NO,
    R.B_CODE,
    B.B_NAME,
    TO_CHAR(TO_DATE(R.RENT_DATE, 'YYYYMMDD'), 'YYYY"년"MM"월"DD"일"') AS RENT_DATE,
    R.REND_DAYS
FROM TBL_RENT_01 R
JOIN TBL_BOOK_01 B
ON R.B_CODE = B.B_CODE
WHERE R.M_NO = ?
ORDER BY R.R_NO ASC;

SELECT COUNT(*) AS RENT_COUNT
FROM TBL_RENT_01
WHERE M_NO = ?;

-- 회원정보조회
SELECT
    M_NO,
    M_NAME,
    PHONE,
    ADDRESS,
    SUBSTR(BIRTH_DAY, 1, 4) || '년' ||
    SUBSTR(BIRTH_DAY, 5, 2) || '월' ||
    SUBSTR(BIRTH_DAY, 7, 2) || '일' AS BIRTH_DAY
FROM TBL_MEMBER_01
ORDER BY M_NO ASC;

SELECT M_NAME
FROM TBL_MEMBER_01
WHERE M_NO = ?;