CREATE TABLE TBL_BOOK_01(
	B_CODE CHAR(4) NOT NULL PRIMARY KEY,
	B_NAME VARCHAR2(50),
	B_LOCATION CHAR(4),
	B_GET_DATE VARCHAR2(8),
	B_RENT CHAR(1)
);

INSERT INTO TBL_BOOK_01 VALUES('B001', '자바 프로그래밍', 'AB10', '20240101', 'N');
INSERT INTO TBL_BOOK_01 VALUES('B002', 'JSP 웹개발', 'BC10', '20240102', 'N');
INSERT INTO TBL_BOOK_01 VALUES('B003', '오라클 SQL', 'BC20', '20240102', 'N');
INSERT INTO TBL_BOOK_01 VALUES('B004', '자료구조', 'AB20', '20240104', 'N');
INSERT INTO TBL_BOOK_01 VALUES('A001', '분당경영고의역사', 'BD10', '20240101', 'N');
INSERT INTO TBL_BOOK_01 VALUES('A002', '모란역마피아', 'MR10', '20240108', 'N');


CREATE TABLE TBL_MEMBER_01(
    M_NO CHAR(4) NOT NULL PRIMARY KEY,
    M_NAME VARCHAR2(20),
    PHONE VARCHAR2(11),
    ADDRESS VARCHAR2(50),
    BIRTH_DAY VARCHAR2(8)
);

INSERT INTO TBL_MEMBER_01 VALUES('1001', '신지호', '01011112222', '서울시 강남구', '20070215');
INSERT INTO TBL_MEMBER_01 VALUES('1002', '박도서', '01022223333', '서울시 마포구', '20080808');
INSERT INTO TBL_MEMBER_01 VALUES('1003', '최형준', '01033334444', '서울시 강서구', '20081212');
INSERT INTO TBL_MEMBER_01 VALUES('1004', '위서율', '01044445555', '서울시 마포구', '20090120');
INSERT INTO TBL_MEMBER_01 VALUES('1005', '이상혁', '01055556666', '서울시 중구', '20080910');


CREATE TABLE TBL_RENT_01(
    R_NO CHAR(8) NOT NULL PRIMARY KEY,
    M_NO CHAR(4),
    B_CODE CHAR(4),
    RENT_DATE CHAR(8),
    RENT_DAYS NUMBER(3)
);

INSERT INTO TBL_RENT_01 VALUES('20250001', '1001', 'B001', '20250501', 7);
INSERT INTO TBL_RENT_01 VALUES('20250002', '1001', 'B002', '20250503', 14);
INSERT INTO TBL_RENT_01 VALUES('20250003', '1003', 'B003', '20250504', 5);
INSERT INTO TBL_RENT_01 VALUES('20250004', '1004', 'A001', '20250504', 7);
INSERT INTO TBL_RENT_01 VALUES('20250005', '1004', 'A002', '20250709', 14);

commit